condition,insert_start_s,insert_end_s,detected_s,latency_s,oracle_boundary_distance
gapped,3,4.2,4.522666666666667,0.32266666666666666,0.02243362420602632
gapped,9,10.2,10.496,0.29600000000000115,0.02243362420602632
gapped,15,16.2,16.554666666666666,0.3546666666666667,0.02243362420602632
gapped,21,22.2,22.528,0.3279999999999994,0.02243362420602632
gapped,28,29.2,29.525333333333332,0.32533333333333303,0.02243362420602632
gapped_levels,3,4.2,4.522666666666667,0.32266666666666666,0.02243362420602632
gapped_levels,9,10.2,10.496,0.29600000000000115,0.022433624205034856
gapped_levels,15,16.2,16.554666666666666,0.3546666666666667,0.02243362420602632
gapped_levels,21,22.2,22.528,0.3279999999999994,0.022433624231386874
gapped_levels,28,29.2,29.525333333333332,0.32533333333333303,0.02243362419325945
continuous_replace,3,4.2,,,0.02243362420602632
continuous_replace,9,10.2,,,0.02243362420602632
continuous_replace,15,16.2,,,0.02243362420602632
continuous_replace,21,22.2,,,0.02243362420602632
continuous_replace,28,29.2,,,0.02243362420602632
overlay,3,4.2,,,0.05767360193793545
overlay,9,10.2,,,0.09480657311346781
overlay,15,16.2,,,0.06283269752859758
overlay,21,22.2,,,0.10469282897821848
overlay,28,29.2,,,0.16654922894856453
